id_str,retweet_count,favorite_count
892420643555336193,6886,32930
892177421306343426,5185,28471
891815181378084864,3424,21387
891689557279858688,7097,35920
891327558926688256,7616,34337
891087950875897856,2551,17276
890971913173991426,1621,10082
890729181411237888,15465,55412
890609185150312448,3564,23836
890240255349198849,5996,27193
890006608113172480,6042,26317
889880896479866881,4088,23860
889665388333682689,8193,40928
889638837579907072,3654,23045
889531135344209921,1855,12987
889278841981685760,4371,21476
888917238123831296,3693,24932
888804989199671297,3467,21846
888554962724278272,2837,16864
888078434458587136,2844,18590
887705289381826560,4452,25850
887517139158093824,9671,39541
887473957103951883,14772,58703
887343217045368832,8636,28768
887101392804085760,4900,26192
886983233522544640,6195,29596
886736880519319552,2582,10228
886680336477933568,3674,19194
886366144734445568,2581,18035
886267009285017600,4,101
886258384151887873,5175,23882
886054160059072513,90,0
885984800019947520,5511,27866
885528943205470208,5240,30725
885518971528720385,3056,17438
885311592912609280,15177,0
885167619883638784,3613,18715
884925521741709313,14742,65626
884876753390489601,4582,23724
884562892145688576,3835,20732
884441805382717440,4725,23182
884247878851493888,16629,61963
884162670584377345,2464,17429
883838122936631299,2811,18610
883482846933004288,8108,39057
883360690899218434,3022,19388
883117836046086144,5442,31651
882992080364220416,3189,20437
882762694511734784,4029,24152
882627270321602560,4967,23936
882268110199369728,9436,38245
882045870035918850,4008,25002
881906580714921986,2795,20845
881666595344535552,8783,43306
881633300179243008,8,112
881536004380872706,13172,42244
881268444196462592,4404,19849
880935762899988482,2287,14590
880872448815771648,3156,18209
880465832366813184,5129,24383
880221127280381952,3410,23020
880095782870896641,3585,23626
879862464715927552,2877,19157
879674319642796034,9,280
879492040517615616,2591,20118
879415818425184262,36767,90549
879376492567855104,2612,14462
879130579576475649,5625,0
879050749262655488,3876,19257
879008229531029506,2205,16309
878776093423087618,3373,16606
878604707211726852,5814,25763
878404777348136964,1051,0
878316110768087041,5433,0
878281511006478336,1053,6594
878057613040115712,5625,35942
877736472329191424,15535,67537
877556246731214848,3108,19345
877316821321428993,4270,23521
877201837425926144,4540,23230
876838120628539392,2763,17703
876537666061221889,3894,20360
876484053909872640,1964,16101
876120275196170240,3846,23974
875747767867523072,3516,21496
875144289856114688,4091,18889
875097192612077568,5009,23524
875021211251597312,3894,21889
874680097055178752,3847,23855
874434818259525634,12031,0
874296783580663808,3417,22347
874057562936811520,3318,19457
874012996292530176,8435,29275
873580283840344065,3280,20769
873337748698140672,1308,0
873213775632977920,1308,6152
872967104147763200,4480,23434
872820683541237760,3108,12732
872620804844003328,3010,17743
872486979161796608,7543,35027
872122724285648897,6705,29425
871879754684805121,9094,32175
871762521631449091,2920,17383
871515927908634625,2886,17400
871166179821445120,4812,0
871102520638267392,4593,18056
871032628920680449,3171,19628
870804317367881728,5192,28964
870726314365509632,3,101
870656317836468226,2160,10590
870374049280663552,22211,71401
870308999962521604,3489,18942
870063196459192321,6960,31581
869772420881756160,8514,36766
869702957897576449,5303,24339
869596645499047938,2588,13735
869227993411051520,3142,17635
868880397819494401,12040,56502
868639477480148993,1712,0
868622495443632128,4381,22982
868552278524837888,1712,8680
867900495410671616,3511,21015
867774946302451713,6156,29508
867421006826221569,2086,13934
867072653475098625,99,0
867051520902168576,6684,27929
866720684873056260,4074,17394
866686824827068416,2918,16687
866450705531457537,29650,105940
866334964761202691,12031,45437
866094527597207552,7053,0
865718153858494464,4743,22250
865359393868664832,4211,22962
865006731092295680,6562,24373
864873206498414592,7368,28040
864279568663928832,2533,12705
864197398364647424,7447,26006
863907417377173506,3537,17938
863553081350529029,3573,13300
863471782782697472,2052,0
863432100342583297,4493,20681
863427515083354112,80,1921
863079547188785154,939,7722
863062471531167744,2052,7315
862831371563274240,4382,16768
862722525377298433,3037,14932
862457590147678208,4179,17817
862096992088072192,19667,64741
861383897657036800,9112,31500
861288531465048066,3528,14965
861005113778896900,3271,14573
860981674716409858,1826,0
860924035999428608,664,0
860563773140209665,1826,6555
860524505164394496,4513,20642
860276583193509888,3014,16061
860184849394610176,5022,14599
860177593139703809,26230,0
859924526012018688,3517,17090
859851578198683649,3020,13592
859607811541651456,1348,16374
859196978902773760,25830,78498
859074603037188101,11776,29713
858860390427611136,6964,0
858843525470990336,2980,13790
858471635011153920,4191,18980
858107933456039936,2489,13847
857989990357356544,2231,14092
857746408056729600,9184,30061
857393404942143489,1416,5174
857263160327368704,3912,17821
857214891891077121,16,199
857062103051644929,143,0
857029823797047296,3443,16657
856543823941562368,2503,14416
856526610513747968,1624,10526
856288084350160898,15,475
856282028240666624,5481,24632
855862651834028034,21,298
855860136149123072,844,4300
855857698524602368,1819,10545
855851453814013952,15730,40395
855818117272018944,4722,23646
855459453768019968,7191,26451
855245323840757760,5171,0
855138241867124737,36,0
854732716440526848,5265,20162
854482394044301312,5927,25912
854365224396361728,4075,16740
854120357044912130,6480,28388
854010172552949760,2751,14394
853760880890318849,5041,25387
853639147608842240,8722,30806
853299958564483072,3120,13768
852936405516943360,1763,0
852912242202992640,1565,8019
852672615818899456,1878,13252
852553447878664193,3064,14504
852311364735569921,8716,29544
852226086759018497,5979,17850
852189679701164033,1399,10262
851591660324737024,3072,14555
851464819735769094,6197,21690
851224888060895234,5076,18548
850753642995093505,7974,27454
850380195714523136,2291,11729
850333567704068097,301,3105
850145622816686080,3339,14649
850019790995546112,4301,18278
849776966551130114,6708,27203
849668094696017920,4367,0
849412302885593088,2787,14289
849336543269576704,1659,10247
849051919805034497,7491,37887
848690551926992896,3867,22597
848324959059550208,4089,22230
848213670039564288,636,7326
848212111729840128,2667,14625
847978865427394560,2863,0
847971574464610304,385,0
847962785489326080,4498,21205
847842811428974592,1172,4897
847617282490613760,372,6270
847606175596138505,3036,16901
847251039262605312,3850,18460
847157206088847362,5156,17843
847116187444137987,2833,19309
846874817362120707,3497,18166
846514051647705089,10216,40072
846505985330044928,2711,12681
846153765933735936,8022,28405
846139713627017216,9001,28039
846042936437604353,2545,14430
845812042753855489,7747,26336
845677943972139009,4316,22787
845397057150107648,1591,6899
845306882940190720,4776,21078
845098359547420673,6832,0
844979544864018432,2288,12377
844973813909606400,2808,13603
844580511645339650,2776,14865
844223788422217728,1965,12371
843981021012017153,2656,13749
843856843873095681,4106,19437
843604394117681152,2450,15328
843235543001513987,5305,19459
842846295480000512,3257,13853
842765311967449089,1159,6137
842535590457499648,3112,16425
842163532590374912,5171,22161
842115215311396866,2706,12705
841833993020538882,13363,0
841680585030541313,7037,23381
841439858740625411,3249,11405
841320156043304961,4946,17930
841314665196081154,4171,14363
841077006473256960,4812,20687
840761248237133825,1594,0
840728873075638272,14410,0
840698636975636481,2,157
840696689258311684,876,11170
840632337062862849,1594,8202
840370681858686976,4101,14921
840268004936019968,5125,17449
839990271299457024,2031,12191
839549326359670784,6964,24954
839239871831150596,5841,24638
838952994649550848,3609,17910
838921590096166913,1824,10142
838916489579200512,31,0
838831947270979586,9851,0
838561493054533637,1212,9943
838476387338051585,4290,20496
838201503651401729,9046,0
838150277551247360,297,1541
838085839343206401,0,128
838083903487373313,2805,16063
837820167694528512,7053,31024
837482249356513284,398,3501
837471256429613056,2037,11662
837110210464448512,2147,14655
836989968035819520,2080,11635
836753516572119041,4190,17660
836677758902222849,1989,11530
836648853927522308,500,0
836397794269200385,24691,0
836380477523124226,2706,13502
836260088725786625,3919,19388
836001077879255040,3837,17433
835685285446955009,7298,0
835574547218894849,3249,16208
835536468978302976,1523,0
835309094223372289,18830,0
835297930240217089,2695,14991
835264098648616962,1523,7036
835246439529840640,63,1947
835172783151792128,5218,23921
835152434251116546,2713,20440
834931633769889797,1466,9838
834786237630337024,5025,19637
834574053763584002,2276,12484
834477809192075265,9597,0
834458053273591808,1519,8804
834209720923721728,4263,18768
834167344700198914,3305,14417
834089966724603904,1936,9197
834086379323871233,2002,11902
833863086058651648,2169,12284
833826103416520705,3436,16663
833732339549220864,199,0
833722901757046785,2953,19109
833479644947025920,1853,13652
833124694597443584,4367,18471
832998151111966721,1964,12107
832769181346996225,37,0
832757312314028032,3264,15408
832682457690300417,2617,10866
832645525019123713,477,2656
832636094638288896,2510,14487
832397543355072512,2003,10918
832369877331693569,2863,15625
832273440279240704,2104,10343
832215909146226688,5622,0
832215726631055365,8450,0
832088576586297345,2,56
832040443403784192,8670,0
832032802820481025,4215,16246
831939777352105988,5563,21901
831926988323639298,34,309
831911600680497154,5873,25186
831670449226514432,1665,9518
831650051525054464,1763,6496
831552930092285952,2121,8244
831322785565769729,1413,8506
831315979191906304,1019,6023
831309418084069378,2220,10787
831262627380748289,1859,10859
830956169170665475,1360,7310
830583320585068544,15177,60946
830173239259324417,5152,0
830097400375152640,2645,8918
829878982036299777,4521,0
829861396166877184,1766,11189
829501995190984704,9597,29131
829449946868879360,1830,9625
829141528400556032,6664,22341
829011960981237760,14740,48618
828801551087042563,3105,0
828770345708580865,5296,23421
828708714936930305,10142,33376
828650029636317184,1214,8697
828409743546925057,1062,5879
828408677031882754,1165,7073
828381636999917570,2026,11533
828376505180889089,974,6811
828372645993398273,2675,11552
828361771580813312,163,2019
828046555563323392,2614,10776
828011680017821696,1960,9490
827933404142436356,4745,18384
827653905312006145,2746,14166
827600520311402496,856,6880
827324948884643840,2761,14570
827199976799354881,2023,9741
826958653328592898,4521,19779
826848821049180160,9184,33161
826615380357632002,3619,0
826598799820865537,225,4722
826598365270007810,2147,9213
826476773533745153,3835,16914
826240494070030336,2382,12172
826204788643753985,844,4478
826115272272650244,2822,14364
825876512159186944,1712,9657
825829644528148480,2295,11708
825535076884762624,15990,52206
825147591692263424,4114,16799
825120256414846976,1156,0
825026590719483904,1156,5755
824796380199809024,5017,0
824775126675836928,3219,13707
824663926340194305,1622,9684
824325613288833024,9676,10891
824297048279236611,3514,13889
824025158776213504,546,4413
823939628516474880,2488,9772
823719002937630720,10176,0
823699002998870016,2282,12735
823581115634085888,2403,11917
823333489516937216,21,644
823322678127919110,3657,14438
823269594223824897,9079,0
822975315408461824,3140,15941
822872901745569793,39200,120743
822859134160621569,2078,12115
822647212903690241,5857,0
822610361945911296,2675,13617
822489057087389700,5858,16706
822462944365645825,12948,25801
822244816520155136,9079,32256
822163064745328640,4299,0
821886076407029760,2109,10390
821813639212650496,3073,0
821765923262631936,1538,7692
821522889702862852,1614,7380
821421320206483457,5048,0
821407182352777218,3939,10856
821153421864615936,8,229
821149554670182400,1797,7914
821107785811234820,1935,8806
821044531881721856,2084,11615
820837357901512704,6128,0
820749716845686786,9046,29032
820690176645140481,2959,11310
820494788566847489,517,0
820446719150292993,2358,0
820314633777061888,517,3078
820078625395449857,5681,18205
820013781606658049,1067,0
819952236453363712,1067,4893
819924195358416896,4474,11945
819711362133872643,2810,12285
819588359383371776,1839,8896
819347104292290561,1101,6663
819238181065359361,373,2072
819227688460238848,6128,21244
819015337530290176,33938,0
819015331746349057,17485,0
819006400881917954,17485,41987
819004803107983360,33938,80753
818646164899774465,19114,0
818627210458333184,6938,20737
818614493328580609,2318,9082
818588835076603904,5598,0
818536468981415936,2233,10001
818307523543449600,7340,0
818259473185828864,2045,10158
818145370475810820,2328,11343
817908911860748288,727,4498
817827839487737858,24691,47582
817777686764523521,2484,9968
817536400337801217,2686,10881
817502432452313088,3084,0
817423860136083457,13363,31171
817415592588222464,874,5177
817181837579653120,7733,0
817171292965273600,1832,8069
817120970343411712,2369,11259
817056546584727552,1494,7942
816829038950027264,4311,0
816816676327063552,1868,9257
816697700272001025,2017,9024
816450570814898180,7340,28060
816336735214911488,1771,7984
816091915477250048,1963,8291
816062466425819140,925,0
816014286006976512,4799,0
815990720817401858,925,4578
815966073409433600,7733,20676
815745968457060357,3795,0
815736392542261248,2087,9071
815639385530101762,1528,7597
815390420867969024,3515,9590
814986499976527872,1176,7084
814638523311648768,2489,10440
814578408554463233,5362,0
814530161257443328,1719,8046
814153002265309185,7964,26662
813944609378369540,2915,0
813910438903693312,1713,8617
813812741911748608,12792,33724
813800681631023104,1620,7697
813217897535406080,6748,17249
813202720496779264,1676,8565
813187593374461952,3976,18340
813172488309972993,1783,8576
813157409116065792,2035,7183
813142292504645637,2207,7870
813130366689148928,411,4155
813127251579564032,2879,10969
813112105746448384,2534,9562
813096984823349248,3326,9760
813081950185472002,2563,9201
813066809284972545,1804,7378
813051746834595840,6735,19455
812781120811126785,1765,6990
812709060537683968,1337,6119
812503143955202048,1128,5585
812466873996607488,1774,7375
812372279581671427,3370,12633
811985624773361665,1294,6741
811744202451197953,1451,7000
811647686436880384,671,5174
811627233043480576,2805,11788
811386762094317568,5882,19355
810984652412424192,1305,4919
810896069567610880,1610,8316
810657578271330305,2423,10161
810284430598270976,10348,32535
810254108431155201,3105,13557
809920764300447744,3619,14359
809808892968534016,4509,0
809448704142938112,1347,6455
809220051211603969,5152,18401
809084759137812480,3232,12219
808838249661788160,2816,9383
808733504066486276,2004,7315
808501579447930884,2423,10472
808344865868283904,19114,39340
808134635716833280,5422,0
808106460588765185,2032,8179
808001312164028416,3253,11570
807621403335917568,3334,13523
807106840509214720,50750,109116
807059379405148160,6755,0
807010152071229440,3557,12115
806629075125202948,31836,68966
806620845233815552,5052,0
806576416489959424,1779,4521
806542213899489280,2186,9492
806242860592926720,10688,0
806219024703037440,1107,5976
805958939288408065,4934,0
805932879469572096,1773,7674
805826884734976000,1689,6096
805823200554876929,7342,0
805520635690676224,1526,5354
805487436403003392,2339,8111
805207613751304193,1597,7291
804738756058218496,3541,12621
804475857670639616,1853,5688
804413760345620481,2957,0
804026241225523202,14782,41199
803773340896923648,2547,9324
803692223237865472,6780,0
803638050916102144,3833,10145
803380650405482500,1744,7206
803321560782307329,4879,0
803276597545603072,2265,9304
802952499103731712,1841,8383
802624713319034886,2692,0
802600418706604034,1366,6595
802572683846291456,2317,8305
802323869084381190,5385,14971
802265048156610565,1272,6451
802239329049477120,2410,8442
802185808107208704,248,0
801958328846974976,1566,7192
801854953262350336,216,1687
801538201127157760,1925,7618
801285448605831168,764,5614
801167903437357056,5422,22541
801127390143516673,3645,0
801115127852503040,1960,7480
800859414831898624,89,637
800855607700029440,1496,0
800751577355128832,2592,9851
800513324630806528,2775,12142
800459316964663297,2026,8810
800443802682937345,3970,0
800388270626521089,2594,10335
800188575492947969,3619,0
800141422401830912,2358,14198
800018252395122689,12095,26315
799774291445383169,4294,0
799757965289017345,1979,7764
799422933579902976,1766,7467
799308762079035393,5005,0
799297110730567681,2513,9170
799063482566066176,2310,7505
798933969379225600,4091,12133
798925684722855936,1335,6958
798705661114773508,6112,0
798701998996647937,7105,0
798697898615730177,5987,0
798694562394996736,4565,0
798686750113755136,2144,0
798682547630837760,4355,0
798673117451325440,5128,0
798665375516884993,3629,0
798644042770751489,1722,0
798628517273620480,1839,0
798585098161549313,5179,0
798576900688019456,5392,0
798340744599797760,3090,0
798209839306514432,2392,9684
797971864723324932,2848,10703
797545162159308800,4554,13493
797236660651966464,6057,18503
797165961484890113,24,208
796904159865868288,8205,0
796865951799083009,1814,7133
796759840936919040,2780,10922
796563435802726400,6604,0
796484825502875648,1623,7004
796387464403357696,3823,10195
796177847564038144,13139,0
796149749086875649,13139,29806
796125600683540480,1656,4609
796116448414461957,2211,8411
796080075804475393,2134,7803
796031486298386433,3437,9992
795464331001561088,21599,45787
795400264262053889,2642,9310
795076730285391872,5017,14982
794983741416415232,3115,0
794926597468000259,2127,9433
794355576146903043,9502,0
794332329137291264,2497,8902
794205286408003585,3065,8553
793962221541933056,4509,15530
793845145112371200,1717,8534
793614319594401792,2867,0
793601777308463104,1500,7383
793500921481273345,2192,9859
793286476301799424,8450,22741
793271401113350145,2220,8029
793256262322548741,7661,18482
793241302385262592,3027,9725
793226087023144960,2678,9075
793210959003287553,2568,8255
793195938047070209,5202,14119
793180763617361921,1836,6404
793165685325201412,2593,8683
793150605191548928,1566,5685
793135492858580992,2307,5945
793120401413079041,3614,11739
792913359805018113,3649,13254
792883833364439040,3930,10428
792773781206999040,1552,6816
792394556390137856,3953,12410
792050063153438720,1647,6603
791821351946420224,19343,0
791784077045166082,8731,0
791780927877898241,3501,0
791774931465953280,20420,41819
791672322847637504,2867,10836
791406955684368384,3795,12174
791312159183634433,2325,8096
791026214425268224,3740,0
790987426131050500,1956,9062
790946055508652032,4311,15458
790723298204217344,2108,0
790698755171364864,1774,7612
790581949425475584,6542,19131
790337589677002753,1740,7228
790277117346975746,2915,11570
790227638568808452,3248,0
789986466051088384,2108,8593
789960241177853952,3751,0
789903600034189313,3815,9536
789628658055020548,1611,6915
789599242079838210,1759,6238
789530877013393408,3115,10830
789314372632018944,2105,7996
789280767834746880,4510,0
789268448748703744,2409,8454
789137962068021249,2564,8995
788908386943430656,11478,25362
788765914992902144,9502,25289
788552643979468800,6539,0
788412144018661376,4857,14393
788178268662984705,1952,6733
788150585577050112,1184,5678
788070120937619456,3169,0
788039637453406209,1206,5652
787810552592695296,2796,7954
787717603741622272,2535,9457
787397959788929025,2622,10054
787322443945877504,1606,7207
787111942498508800,6204,0
786963064373534720,7298,24612
786729988674449408,2222,0
786709082849828864,5622,16910
786664955043049472,2326,9815
786595970293370880,2869,8740
786363235746385920,3159,10045
786286427768250368,2603,7388
786233965241827333,4299,14026
786051337297522688,143,1325
786036967502913536,6396,0
785927819176054784,2932,10499
785872687017132033,1645,6168
785639753186217984,2077,7236
785533386513321988,1806,8337
785515384317313025,1139,5646
785264754247995392,1495,6750
785170936622350336,4415,11099
784826020293709826,2957,9348
784517518371221505,2322,8312
784431430411685888,1160,5309
784183165795655680,7342,18501
784057939640352768,10176,27416
783839966405230592,9851,27675
783821107061198850,1798,6824
783695101801398276,2938,9635
783466772167098368,2047,7767
783391753726550016,5018,15617
783347506784731136,5064,0
783334639985389568,10689,26874
783085703974514689,1989,7544
782969140009107456,6755,22256
782747134529531904,1291,6899
782722598790725632,4934,15910
782598640137187329,1745,7194
782305867769217024,5048,15343
782021823840026624,5628,0
781955203444699136,3083,10297
781661882474196992,2476,9627
781655249211752448,1037,3688
781524693396357120,5052,19082
781308096455073793,2348,6579
781251288990355457,1902,7698
781163403222056960,2537,9011
780931614150983680,6604,19948
780858289093574656,1835,6610
780800785462489090,1182,5049
780601303617732608,3073,11088
780543529827336192,1603,5827
780496263422808064,3361,0
780476555013349377,101,0
780459368902959104,984,4876
780192070812196864,2048,8006
780092040432480260,2088,0
780074436359819264,4502,11163
779834332596887552,6396,17326
779377524342161408,2837,8048
779124354206535695,16751,0
779056095788752897,4147,13570
778990705243029504,6562,18350
778774459159379968,8994,0
778764940568104960,328,798
778748913645780993,1185,6296
778650543019483137,1369,5281
778624900596654080,926,4235
778408200802557953,3950,12592
778396591732486144,11124,0
778383385161035776,1001,5366
778286810187399168,3009,9492
778039087836069888,2414,7818
778027034220126208,1465,6027
777953400541634568,3209,0
777885040357281792,1491,5841
777684233540206592,2692,10338
777641927919427584,3855,0
777621514455814149,2308,8016
777189768882946048,3921,13010
776819012571455488,12358,0
776813020089548800,1099,4499
776477788987613185,2515,8053
776249906839351296,8303,0
776218204058357768,14457,27489
776201521193218049,2300,8807
776113305656188928,3970,10833
776088319444877312,140,1680
775898661951791106,15270,0
775842724423557120,2414,10746
775733305207554048,3645,12713
775729183532220416,4209,11952
775364825476165632,2670,6804
775350846108426240,3559,9335
775085132600442880,4294,14284
774757898236878852,1624,7919
774639387460112384,1580,6213
774314403806253056,5005,20037
773985732834758656,3529,9923
773922284943896577,1593,5902
773704687002451968,1470,6064
773670353721753600,1205,4931
773547596996571136,5598,20319
773336787167145985,4568,0
773308824254029826,6832,21377
773247561583001600,2955,8660
773191612633579521,3739,9161
772877495989305348,3526,7868
772826264096874500,2167,7364
772615324260794368,3062,0
772581559778025472,1557,5951
772193107915964416,1266,5540
772152991789019136,1034,3500
772117678702071809,674,3472
772114945936949249,432,2524
772102971039580160,846,3676
771908950375665664,1722,6016
771770456517009408,3090,10939
771500966810099713,2386,7603
771380798096281600,4568,9671
771171053431250945,6755,0
771136648247640064,2668,8413
771102124360998913,1304,5713
771014301343748096,1511,6323
770787852854652928,1082,4497
770772759874076672,1302,4757
770655142660169732,1638,6734
770414278348247044,1896,5793
770293558247038976,1326,5713
770093767776997377,2767,0
770069151037685760,2092,6950
769940425801170949,8670,28631
769695466921623552,1532,5889
769335591808995329,7023,0
769212283578875904,1574,4973
768970937022709760,5889,13102
768909767477751808,2394,0
768855141948723200,808,3837
768609597686943744,1078,3765
768596291618299904,1174,4628
768554158521745409,5283,0
768473857036525572,3112,12495
768193404517830656,3209,9929
767884188863397888,1253,4360
767754930266464257,4879,14592
767500508068192258,2109,6875
767191397493538821,3411,11250
767122157629476866,2587,9323
766793450729734144,1233,4632
766714921925144576,340,2400
766693177336135680,717,3690
766423258543644672,1428,5502
766313316352462849,1696,6204
766078092750233600,2378,0
766069199026450432,760,3847
766008592277377025,452,3433
765719909049503744,1952,6614
765669560888528897,1108,4724
765395769549590528,3058,24436
765371061932261376,1966,6524
765222098633691136,3062,10665
764857477905154048,1617,5928
764259802650378240,1364,5492
763956972077010945,48,714
763837565564780549,3740,11462
763183847194451968,1325,4923
763167063695355904,2700,0
763103485927849985,2069,6740
762699858130116608,3248,11066
762471784394268675,5811,10295
762464539388485633,3751,9414
762316489655476224,1017,4394
762035686371364864,14070,29222
761976711479193600,1793,4936
761750502866649088,3525,0
761745352076779520,784,3919
761672994376806400,26230,45275
761599872357261312,1075,3777
761371037149827077,16368,0
761334018830917632,1318,4703
761292947749015552,991,4075
761227390836215808,1416,4846
761004547850530816,3169,10385
760893934457552897,872,3481
760656994973933572,1713,6029
760641137271070720,1173,4563
760539183865880579,3268,6913
760521673607086080,1263,3835
760290219849637889,10405,24477
760252756032651264,784,3630
760190180481531904,1616,5236
760153949710192640,27,0
759943073749200896,1899,5416
759846353224826880,1772,6139
759793422261743616,1738,5450
759557299618865152,1090,4305
759447681597108224,2222,7709
759446261539934208,447,1526
759197388317847553,1775,5586
759159934323924993,1053,0
759099523532779520,3746,13321
759047813560868866,1812,5927
758854675097526272,826,3242
758828659922702336,3480,10223
758740312047005698,1477,5252
758474966123810816,902,3478
758467244762497024,1995,4379
758405701903519748,1730,4770
758355060040593408,941,3069
758099635764359168,8994,17336
758041019896193024,334,2454
757741869644341248,2972,6260
757729163776290825,7086,0
757725642876129280,1085,4157
757611664640446465,992,4191
757597904299253760,274,0
757596066325864448,941,3981
757400162377592832,6223,13809
757393109802180609,1562,5343
757354760399941633,1281,4121
756998049151549440,1806,5712
756939218950160384,1811,6070
756651752796094464,1173,4576
756526248105566208,3230,9465
756303284449767430,985,3606
756288534030475264,16015,40191
756275833623502848,1378,5832
755955933503782912,2586,6685
755206590534418437,4833,14958
755110668769038337,10026,19321
754874841593970688,7124,0
754856583969079297,2275,6313
754747087846248448,466,2355
754482103782404096,1762,4816
754449512966619136,660,3417
754120377874386944,2132,7209
753655901052166144,1961,5334
753420520834629632,3181,7168
753398408988139520,1702,5242
753375668877008896,2088,6945
753298634498793472,5117,0
753294487569522689,940,3042
753039830821511168,18830,33821
753026973505581056,861,3570
752932432744185856,6204,11516
752917284578922496,1413,6343
752701944171524096,2575,0
752682090207055872,1433,5478
752660715232722944,1403,3985
752568224206688256,2059,5004
752519690950500352,3092,6679
752334515931054080,993,3511
752309394570878976,14687,0
752173152931807232,1635,5426
751950017322246144,816,2800
751937170840121344,1174,4734
751830394383790080,1757,5328
751793661361422336,2570,5289
751598357617971201,2779,7237
751583847268179968,993,3996
751538714308972544,1133,4604
751456908746354688,912,2948
751251247299190784,5304,11463
751205363882532864,1640,5751
751132876104687617,1170,4615
750868782890057730,1223,4371
750719632563142656,4510,11967
750506206503038976,1028,4035
750429297815552001,3855,12024
750383411068534784,1025,4156
750381685133418496,25,659
750147208377409536,868,2850
750132105863102464,1155,3290
750117059602808832,1187,3960
750101899009982464,762,2790
750086836815486976,482,1974
750071704093859840,2988,7100
750056684286914561,808,2887
750041628174217216,561,2898
750026558547456000,706,2466
750011400160841729,807,2938
749996283729883136,745,2768
749981277374128128,2233,4688
749774190421639168,1187,4246
749417653287129088,1489,5555
749403093750648834,480,2386
749395845976588288,3102,7794
749317047558017024,2014,4976
749075273010798592,1848,5243
749064354620928000,1384,4385
749036806121881602,721,2815
748977405889503236,3079,9788
748932637671223296,2027,5291
748705597323898880,859,2521
748699167502000129,1434,4304
748692773788876800,1215,3861
748575535303884801,1780,5520
748568946752774144,597,1998
748346686624440324,1106,4733
748337862848962560,3679,6923
748324050481647620,671,3377
748307329658011649,644,3359
748220828303695873,6974,12894
747963614829678593,1924,5251
747933425676525569,2315,6038
747885874273214464,863,2662
747844099428986880,665,2565
747816857231626240,1037,4413
747651430853525504,142,1252
747648653817413632,5242,11727
747600769478692864,514,2115
747594051852075008,937,3340
747512671126323200,1452,5004
747461612269887489,923,3501
747439450712596480,1728,4932
747242308580548608,2587,0
747219827526344708,1415,4775
747204161125646336,812,3049
747103485104099331,3562,8697
746906459439529985,262,2658
746872823977771008,1897,5450
746818907684614144,1566,4839
746790600704425984,1435,4442
746757706116112384,3501,8637
746726898085036033,1615,5511
746542875601690625,1718,4600
746521445350707200,883,0
746507379341139972,977,4269
746369468511756288,1460,5625
746131877086527488,1961,6244
746056683365994496,724,3236
745789745784041472,950,3582
745712589599014916,2092,6349
745433870967832576,2275,6415
745422732645535745,2166,7760
745314880350101504,2451,6457
745074613265149952,3135,7111
745057283344719872,2027,6598
744995568523612160,557,2677
744971049620602880,2402,7152
744709971296780288,1406,5092
744334592493166593,1898,6196
744234799360020481,69480,141884
744223424764059648,322,1498
743980027717509120,984,3798
743895849529389061,863,3315
743835915802583040,1837,0
743609206067040256,1248,4074
743595368194129920,5849,16574
743545585370791937,850,3197
743510151680958465,3363,7237
743253157753532416,1102,3835
743222593470234624,1710,5598
743210557239623680,1224,3493
742534281772302336,3233,6426
742528092657332225,1771,4009
742465774154047488,3547,6582
742423170473463808,3361,8875
742385895052087300,1742,6132
742161199639494656,1227,3916
742150209887731712,1380,4595
741793263812808706,1365,4131
741743634094141440,2460,7393
741438259667034112,737,3340
741303864243200000,2867,7938
741099773336379392,4932,9028
741067306818797568,2767,8662
740995100998766593,2425,5699
740711788199743490,845,3075
740699697422163968,695,2581
740676976021798912,6112,16441
740373189193256964,11927,31722
740365076218183684,379,2210
740359016048689152,784,2987
740214038584557568,1761,6021
739979191639244800,5283,18048
739932936087216128,964,3646
739844404073074688,776,3443
739623569819336705,1216,3423
739606147276148736,1477,4865
739544079319588864,18945,35711
739485634323156992,2600,6454
739238157791694849,51948,104705
738891149612572673,6,88
738885046782832640,1025,3416
738883359779196928,710,2969
738537504001953792,1366,4602
738402415918125056,731,2941
738184450748633089,1089,3888
738166403467907072,2988,7907
738156290900254721,574,2228
737826014890496000,1577,4714
737800304142471168,3132,9017
737678689543020544,1173,4532
737445876994609152,3994,9257
737322739594330112,718,3248
737310737551491075,6634,13259
736736130620620800,1527,3790
736392552031657984,6539,15999
736365877722001409,1090,3599
736225175608430592,2501,7323
736010884653420544,2664,7102
735991953473572864,1028,3242
735648611367784448,990,3655
735635087207878657,2108,5534
735274964362878976,4463,11797
735256018284875776,796,3007
735137028879360001,865,2827
734912297295085568,464,2489
734787690684657664,5684,11320
734776360183431168,483,2272
734559631394082816,348,1351
733828123016450049,706,3230
733822306246479872,906,3314
733482008106668032,837,2819
733460102733135873,1123,3782
733109485275860992,15270,48246
732732193018155009,477,2180
732726085725589504,783,3206
732585889486888962,705,3292
732375214819057664,2252,7275
732005617171337216,4799,13394
731285275100512256,886,3129
731156023742988288,1126,3465
730924654643314689,1758,5493
730573383004487680,1878,4361
730427201120833536,928,3133
730211855403241472,946,3414
730196704625098752,1670,4347
729854734790754305,997,3629
729838605770891264,336,1563
729823566028484608,1107,3572
729463711119904772,2061,5210
729113531270991872,286,1703
728986383096946689,728,2828
728760639972315136,1518,4195
728751179681943552,604,2473
728653952833728512,934,3000
728409960103686147,1795,4394
728387165835677696,864,3335
728046963732717569,1065,3841
728035342121635841,1483,4071
728015554473250816,975,3695
727685679342333952,562,2665
727644517743104000,1567,5272
727524757080539137,1061,4012
727314416056803329,661,2999
727286334147182592,734,2750
727175381690781696,1221,3509
727155742655025152,1183,3260
726935089318363137,2168,6161
726887082820554753,1350,3465
726828223124897792,902,3217
726224900189511680,1023,3976
725842289046749185,2378,6374
725786712245440512,1226,3763
725729321944506368,1582,4675
725458796924002305,550,1283
724983749226668032,1147,3364
724771698126512129,560,2107
724405726123311104,1487,4763
724049859469295616,1591,3879
724046343203856385,507,2401
724004602748780546,1377,3759
723912936180330496,1106,3511
723688335806480385,2608,6911
723673163800948736,805,2735
723179728551723008,1663,4760
722974582966214656,1406,3701
722613351520608256,1469,4483
721503162398597120,1619,4149
721001180231503872,545,2296
720785406564900865,686,2787
720775346191278080,553,2220
720415127506415616,1340,3710
720389942216527872,2226,5736
720340705894408192,856,2570
720059472081784833,1003,3470
720043174954147842,1783,4465
719991154352222208,1570,4392
719704490224398336,1271,4063
719551379208073216,1688,4557
719367763014393856,676,2548
719339463458033665,1103,3995
719332531645071360,836,3104
718971898235854848,960,3137
718939241951195136,1555,4697
718631497683582976,7105,16946
718613305783398402,423,2193
718540630683709445,911,2197
718460005985447936,465,2431
718454725339934721,1354,4402
718246886998687744,440,1717
718234618122661888,898,3476
717841801130979328,538,2225
717790033953034240,974,2573
717537687239008257,1629,5182
717428917016076293,400,1445
717421804990701568,741,2812
717047459982213120,1710,5647
717009362452090881,858,2918
716802964044845056,1032,3881
716791146589110272,1436,7561
716730379797970944,392,1115
716447146686459905,5220,11749
716439118184652801,185,2144
716285507865542656,950,2508
716080869887381504,1681,6103
715928423106027520,775,2867
715758151270801409,1269,3347
715733265223708672,1506,4178
715704790270025728,506,2505
715696743237730304,1147,3500
715680795826982913,1428,3896
715360349751484417,1390,4923
715342466308784130,612,2726
715220193576927233,577,2161
715200624753819648,1657,4640
715009755312439296,1081,3732
714982300363173890,915,3348
714962719905021952,3770,6571
714957620017307648,1265,3727
714631576617938945,877,2951
714606013974974464,815,3275
714485234495041536,998,2401
714258258790387713,661,2743
714251586676113411,749,2958
714214115368108032,787,2078
714141408463036416,1252,3903
713919462244790272,705,2974
713909862279876608,478,1716
713900603437621249,646,2553
713761197720473600,1218,4374
713411074226274305,1163,4006
713177543487135744,2558,6503
713175907180089344,1313,3998
712809025985978368,5987,17164
712717840512598017,4443,11095
712668654853337088,1087,3746
712438159032893441,1397,4784
712309440758808576,24,218
712097430750289920,918,3378
712092745624633345,792,2642
712085617388212225,430,2944
712065007010385924,560,2029
711998809858043904,119,0
711968124745228288,2053,7242
711743778164514816,892,2557
711732680602345472,3634,7924
711694788429553666,16368,29669
711652651650457602,810,3466
711363825979756544,1005,3254
711306686208872448,665,2985
711008018775851008,550,2673
710997087345876993,1244,4112
710844581445812225,602,2303
710833117892898816,467,2413
710658690886586372,510,2092
710609963652087808,2132,4341
710588934686908417,1670,4099
710296729921429505,659,2146
710283270106132480,472,1939
710272297844797440,1115,4047
710269109699739648,996,2147
710153181850935296,795,2632
710140971284037632,788,2467
710117014656950272,1760,4931
709918798883774466,972,3140
709901256215666688,90,597
709852847387627521,1073,3165
709566166965075968,1052,3179
709556954897764353,966,2942
709519240576036864,216,1352
709449600415961088,509,1970
709409458133323776,605,2381
709225125749587968,516,2157
709207347839836162,5106,11233
709198395643068416,577,2213
709179584944730112,594,1817
709158332880297985,359,1830
709042156699303936,1456,4221
708853462201716736,585,1641
708845821941387268,795,2699
708834316713893888,444,1502
708810915978854401,6172,14911
708738143638450176,728,2485
708711088997666817,631,2292
708479650088034305,610,2290
708469915515297792,718,2765
708400866336894977,8929,14404
708356463048204288,1178,3234
708349470027751425,665,2144
708149363256774660,1390,3896
708130923141795840,769,3033
708119489313951744,872,2425
708109389455101952,493,1763
708026248782585858,1725,3987
707995814724026368,990,2803
707983188426153984,2,43
707969809498152960,856,2434
707776935007539200,855,2943
707741517457260545,547,2241
707738799544082433,2165,3658
707693576495472641,903,3049
707629649552134146,773,2310
707610948723478529,5628,15293
707420581654872064,615,2026
707411934438625280,534,2073
707387676719185920,1123,3143
707377100785885184,961,2942
707315916783140866,565,2237
707297311098011648,699,2516
707059547140169728,611,2353
707038192327901184,702,1977
707021089608753152,1208,3658
707014260413456384,535,2072
706904523814649856,7023,13176
706901761596989440,512,1849
706681918348251136,881,2962
706644897839910912,964,2304
706593038911545345,569,1942
706538006853918722,1269,3131
706516534877929472,917,2831
706346369204748288,826,3093
706310011488698368,7017,19145
706291001778950144,427,1533
706265994973601792,832,2453
706169069255446529,1986,3526
706166467411222528,1425,4630
706153300320784384,338,1332
705975130514706432,652,2805
705970349788291072,786,2863
705898680587526145,487,2131
705786532653883392,460,1766
705591895322394625,1010,2832
705475953783398401,809,2676
705442520700944385,1435,3992
705428427625635840,1494,3422
705239209544720384,666,2687
705223444686888960,706,2329
705102439679201280,469,1931
705066031337840642,549,1975
704871453724954624,1000,3913
704859558691414016,469,2018
704847917308362754,1343,4608
704819833553219584,884,2390
704761120771465216,2587,5983
704499785726889984,881,2592
704491224099647488,68,672
704480331685040129,959,3070
704364645503647744,3177,7193
704347321748819968,306,1412
704134088924532736,403,1359
704113298707505153,510,1672
704054845121142784,833,2644
703774238772166656,398,1669
703769065844768768,1004,2930
703631701117943808,588,2319
703611486317502464,1356,3459
703425003149250560,1202,3415
703407252292673536,614,2219
703382836347330562,1010,3155
703356393781329922,338,1731
703268521220972544,489,1794
703079050210877440,2751,6672
703041949650034688,11124,23797
702932127499816960,637,2308
702899151802126337,402,1454
702684942141153280,950,2909
702671118226825216,498,1970
702598099714314240,3091,11044
702539513671897089,852,2590
702332542343577600,1363,2868
702321140488925184,934,2953
702276748847800320,685,2230
702217446468493312,1203,4270
701981390485725185,873,3075
701952816642965504,914,3451
701889187134500865,1240,3178
701805642395348998,1488,3065
701601587219795968,411,1881
701570477911896070,822,2518
701545186879471618,539,2397
701214700881756160,4565,11016
700890391244103680,501,1988
700864154249383937,549,2345
700847567345688576,444,2222
700796979434098688,848,2202
700747788515020802,8303,20535
700518061187723268,709,2338
700505138482569216,516,2054
700462010979500032,1604,3703
700167517596164096,642,2368
700151421916807169,597,2008
700143752053182464,2394,6756
700062718104104960,596,2392
700029284593901568,523,1876
700002074055016451,1186,2965
699801817392291840,836,2715
699788877217865730,465,2009
699779630832685056,1089,2449
699775878809702401,531,1771
699691744225525762,4082,9260
699446877801091073,2347,5378
699434518667751424,458,1988
699423671849451520,283,1223
699413908797464576,556,1887
699370870310113280,383,1699
699323444782047232,775,2843
699088579889332224,551,2030
699079609774645248,562,2209
699072405256409088,1065,2650
699060279947165696,1589,3366
699036661657767936,1078,2361
698989035503689728,860,3016
698953797952008193,804,2419
698907974262222848,545,2292
698710712454139905,605,2217
698703483621523456,332,1295
698635131305795584,305,1165
698549713696649216,548,2094
698355670425473025,389,1666
698342080612007937,857,2037
698262614669991936,1756,4309
698195409219559425,5362,15185
698178924120031232,665,2536
697995514407682048,299,1379
697990423684476929,1156,2963
697943111201378304,597,2159
697881462549430272,1037,2729
697630435728322560,489,1567
697616773278015490,908,2844
697596423848730625,1111,2707
697575480820686848,445,1849
697516214579523584,978,1839
697482927769255936,593,2191
697463031882764288,1246,3096
697270446429966336,1687,4268
697259378236399616,881,2968
697255105972801536,1041,2792
697242256848379904,605,2279
696900204696625153,916,2862
696894894812565505,613,2122
696886256886657024,1603,4368
696877980375769088,628,2210
696754882863349760,326,1346
696744641916489729,824,1858
696713835009417216,574,2135
696518437233913856,1538,3561
696490539101908992,122,1109
696488710901260288,907,2267
696405997980676096,1033,2869
696100768806522880,580,1738
695816827381944320,1033,2705
695794761660297217,690,2859
695767669421768709,654,1674
695629776980148225,1855,4113
695446424020918272,1627,4017
695409464418041856,3192,7794
695314793360662529,1278,3283
695095422348574720,537,2406
695074328191332352,973,2560
695064344191721472,521,1453
695051054296211456,710,2378
694925794720792577,804,2435
694905863685980160,819,2476
694669722378485760,12834,32230
694356675654983680,245,1363
694352839993344000,535,1843
694342028726001664,424,1433
694329668942569472,443,1784
694206574471057408,1829,3737
694183373896572928,831,2658
694001791655137281,913,3062
693993230313091072,355,1699
693942351086120961,323,1580
693647888581312512,511,2408
693644216740769793,114,1227
693642232151285760,373,2293
693629975228977152,715,2223
693622659251335168,330,1400
693590843962331137,1756,4543
693582294167244802,219,1492
693486665285931008,558,1598
693280720173801472,1103,3036
693267061318012928,719,2160
693262851218264065,445,2013
693231807727280129,657,2599
693155686491000832,2854,7123
693109034023534592,548,1531
693095443459342336,398,1657
692919143163629568,685,2447
692905862751522816,774,2198
692901601640583168,531,1586
692894228850999298,701,2032
692828166163931137,782,2602
692752401762250755,3241,6146
692568918515392513,1374,3953
692535307825213440,1218,2841
692530551048294401,362,1653
692423280028966913,192,1342
692417313023332352,3084,8446
692187005137076224,736,2290
692158366030913536,707,1931
692142790915014657,350,1478
692041934689402880,1117,3060
692017291282812928,854,2611
691820333922455552,1463,3555
691793053716221953,3761,7333
691756958957883396,874,2552
691675652215414786,456,1761
691483041324204033,494,2144
691459709405118465,1000,3656
691444869282295808,736,2379
691416866452082688,6780,17475
691321916024623104,587,2326
691096613310316544,782,2691
691090071332753408,301,1565
690989312272396288,2563,5325
690959652130045952,1093,3245
690938899477221376,1716,3705
690932576555528194,884,2969
690735892932222976,1129,3419
690728923253055490,458,1947
690690673629138944,734,2098
690649993829576704,244,1181
690607260360429569,14,276
690597161306841088,540,1747
690400367696297985,396,1711
690374419777196032,754,2907
690360449368465409,779,2394
690348396616552449,457,1343
690248561355657216,364,1504
690021994562220032,909,2528
690015576308211712,649,2249
690005060500217858,1524,3312
689999384604450816,325,1272
689993469801164801,397,1326
689977555533848577,403,1238
689905486972461056,609,2219
689877686181715968,1026,2748
689835978131935233,679,1974
689661964914655233,840,2933
689659372465688576,3429,9320
689623661272240129,570,2001
689599056876867584,4956,10535
689557536375177216,396,1858
689517482558820352,1275,3075
689289219123089408,830,2035
689283819090870273,983,2956
689280876073582592,632,1789
689275259254616065,218,1033
689255633275777024,962,2294
689154315265683456,882,2800
689143371370250240,450,1836
688916208532455424,761,2445
688908934925697024,697,1905
688898160958271489,701,1884
688894073864884227,612,2023
688828561667567616,313,1256
688804835492233216,166,872
688789766343622656,596,2011
688547210804498433,613,2346
688519176466644993,647,2110
688385280030670848,4023,8348
688211956440801280,734,2036
688179443353796608,520,1930
688116655151435777,685,2561
688064179421470721,315,1556
687841446767013888,2208,4912
687826841265172480,996,2468
687818504314159109,851,2248
687807801670897665,642,2138
687732144991551489,585,1591
687704180304273409,759,2197
687664829264453632,464,1765
687494652870668288,521,1729
687480748861947905,214,1445
687476254459715584,471,1783
687460506001633280,485,1850
687399393394311168,541,1711
687317306314240000,8205,18259
687312378585812992,1704,3938
687127927494963200,2016,4877
687124485711986689,456,1978
687109925361856513,2201,5265
687102708889812993,857,2124
687096057537363968,546,2037
686947101016735744,2851,7826
686760001961103360,1242,3178
686749460672679938,1298,3142
686730991906516992,1072,3736
686683045143953408,719,2558
686618349602762752,1219,3347
686606069955735556,481,1711
686394059078897668,627,1561
686386521809772549,777,2946
686377065986265092,503,2004
686358356425093120,580,1957
686286779679375361,1498,3641
686050296934563840,650,2037
686035780142297088,101,1040
686034024800862208,1015,2789
686007916130873345,357,2239
686003207160610816,557,1648
685973236358713344,468,1891
685943807276412928,525,1471
685906723014619143,2551,6762
685681090388975616,109,1845
685667379192414208,506,2147
685663452032069632,1311,2920
685641971164143616,689,2649
685547936038666240,13881,29757
685532292383666176,1034,2752
685325112850124800,3525,8495
685321586178670592,573,2397
685315239903100929,931,2969
685307451701334016,388,1883
685268753634967552,1054,2771
685198997565345792,585,2091
685169283572338688,1257,3702
684969860808454144,323,2169
684959798585110529,2764,6171
684940049151070208,922,2896
684926975086034944,409,3132
684914660081053696,1303,3163
684902183876321280,458,1666
684880619965411328,716,1883
684830982659280897,19343,31690
684800227459624960,895,2462
684594889858887680,3121,8011
684588130326986752,1260,3741
684567543613382656,1084,2711
684538444857667585,839,2379
684481074559381504,1055,3490
684460069371654144,492,1777
684241637099323392,2902,7349
684225744407494656,182,1114
684222868335505415,1219,3439
684200372118904832,927,1935
684195085588783105,449,1716
684188786104872960,1027,3136
684177701129875456,583,1827
684147889187209216,1345,2674
684122891630342144,416,1821
684097758874210310,1271,3708
683857920510050305,999,3444
683852578183077888,312,1756
683849932751646720,841,2364
683834909291606017,1002,2361
683828599284170753,960,2533
683773439333797890,1203,2999
683742671509258241,2959,5848
683515932363329536,2575,6683
683498322573824003,860,2864
683481228088049664,888,2400
683462770029932544,610,2184
683449695444799489,1435,3510
683391852557561860,2144,6878
683357973142474752,813,2618
683142553609318400,922,2587
683111407806746624,810,3071
683098815881154561,581,1958
683078886620553216,511,1809
683030066213818368,652,1949
682962037429899265,14643,33069
682808988178739200,149,1587
682788441537560576,1004,2238
682750546109968385,388,1364
682697186228989953,327,1185
682662431982772225,971,2744
682638830361513985,528,1862
682429480204398592,1022,3100
682406705142087680,1564,6800
682393905736888321,581,2022
682389078323662849,419,1501
682303737705140231,874,2766
682259524040966145,1061,3706
682242692827447297,1024,2902
682088079302213632,8731,16414
682059653698686977,1513,4451
682047327939461121,836,2880
682032003584274432,1761,5936
682003177596559360,1344,2797
681981167097122816,905,2543
681891461017812993,736,2212
681694085539872773,3619,11535
681679526984871937,393,1595
681654059175129088,808,2367
681610798867845120,412,1693
681579835668455424,1160,3180
681523177663676416,5117,12908
681340665377193984,245,1482
681339448655802368,3645,8396
681320187870711809,661,2359
681302363064414209,1599,3520
681297372102656000,839,2906
681281657291280384,980,2907
681261549936340994,234,1297
681242418453299201,465,1325
681231109724700672,431,2187
681193455364796417,1305,3333
680970795137544192,577,2171
680959110691590145,1787,4146
680940246314430465,921,2861
680934982542561280,389,1873
680913438424612864,553,2163
680889648562991104,316,1568
680836378243002368,1165,3120
680805554198020098,597,1920
680801747103793152,730,2144
680798457301471234,929,2551
680609293079592961,620,2356
680583894916304897,1173,3236
680497766108381184,1705,3797
680494726643068929,428,1539
680473011644985345,655,2302
680440374763077632,425,1298
680221482581123072,254,1324
680206703334408192,1021,2531
680191257256136705,436,1938
680176173301628928,1367,3472
680161097740095489,653,2097
680145970311643136,1534,3245
680130881361686529,840,2068
680115823365742593,811,2452
680100725817409536,1225,3237
680085611152338944,8013,11532
680070545539371008,764,2338
679877062409191424,569,1743
679872969355714560,587,1970
679862121895714818,541,2191
679854723806179328,1082,2559
679844490799091713,677,2139
679828447187857408,12358,32463
679777920601223168,975,2800
679736210798047232,707,1872
679729593985699840,733,1955
679722016581222400,421,1504
679530280114372609,1848,4279
679527802031484928,644,2365
679511351870550016,1120,2996
679503373272485890,1313,2844
679475951516934144,570,1873
679462823135686656,16751,28823
679405845277462528,1049,2116
679158373988876288,7124,19038
679148763231985668,902,2496
679132435750195208,1014,2631
679111216690831360,2266,5306
679062614270468097,7086,15185
679047485189439488,582,2024
679001094530465792,1076,2545
678991772295516161,997,2022
678969228704284672,405,1469
678800283649069056,802,2303
678798276842360832,1010,3105
678774928607469569,803,2515
678767140346941444,1205,3159
678764513869611008,411,1456
678755239630127104,2884,6376
678740035362037760,1469,3330
678708137298427904,2149,5018
678675843183484930,1292,2543
678643457146150913,352,1832
678446151570427904,1349,3591
678424312106393600,2230,4891
678410210315247616,1585,3751
678399652199309312,28131,71947
678396796259975168,367,1422
678389028614488064,371,1674
678380236862578688,808,2187
678341075375947776,467,1539
678334497360859136,222,1158
678278586130948096,5415,10210
678255464182861824,322,1421
678023323247357953,337,1704
678021115718029313,5525,12088
677961670166224897,1497,3085
677918531514703872,354,1191
677895101218201600,1806,4299
677716515794329600,854,2721
677700003327029250,1264,3046
677698403548192770,281,1091
677687604918272002,735,2214
677673981332312066,1324,2976
677662372920729601,830,1738
677644091929329666,716,1669
677573743309385728,587,1902
677565715327688705,404,1161
677557565589463040,995,2176
677547928504967168,3235,6187
677530072887205888,197,941
677335745548390400,1524,2693
677334615166730240,247,1199
677331501395156992,202,968
677328882937298944,1316,3263
677314812125323265,461,1466
677301033169788928,350,1090
677269281705472000,628,1762
677228873407442944,1429,3150
677187300187611136,797,2435
676975532580409345,932,2476
676957860086095872,713,1982
676949632774234114,345,1157
676948236477857792,760,1919
676946864479084545,321,1540
676942428000112642,659,1837
676936541936185344,4355,11355
676916996760600576,1592,2643
676897532954456065,631,1995
676864501615042560,615,1848
676821958043033607,13535,20245
676819651066732545,591,1621
676811746707918848,370,1280
676776431406465024,1776,4443
676617503762681856,843,2564
676613908052996102,170,959
676606785097199616,384,1684
676603393314578432,331,1019
676593408224403456,1850,4048
676590572941893632,106,816
676588346097852417,681,2036
676582956622721024,248,1049
676575501977128964,973,2279
676533798876651520,483,1666
676496375194980353,457,1337
676470639084101634,4105,10359
676440007570247681,580,1535
676430933382295552,299,1235
676263575653122048,474,1847
676237365392908289,242,1060
676219687039057920,27285,69247
676215927814406144,510,1528
676191832485810177,899,2004
676146341966438401,576,1721
676121918416756736,1011,1917
676101918813499392,1035,2536
676098748976615425,1228,2624
676089483918516224,383,1153
675898130735476737,497,1409
675891555769696257,749,1881
675888385639251968,825,2073
675878199931371520,1219,3689
675870721063669760,490,1432
675853064436391936,1116,2379
675849018447167488,122,843
675845657354215424,765,2003
675822767435051008,467,1355
675820929667219457,201,936
675798442703122432,3009,9116
675781562965868544,413,1426
675740360753160193,290,1034
675710890956750848,707,1642
675707330206547968,588,1751
675706639471788032,82,567
675534494439489536,354,1624
675531475945709568,323,1040
675522403582218240,245,914
675517828909424640,401,1118
675501075957489664,5128,15176
675497103322386432,1112,2755
675489971617296384,525,1121
675483430902214656,836,1617
675432746517426176,493,1335
675372240448454658,447,1494
675362609739206656,189,919
675354435921575936,14687,29033
675349384339542016,1965,3453
675334060156301312,1112,2428
675166823650848770,1356,3105
675153376133427200,2224,5478
675149409102012420,1475,3284
675147105808306176,194,827
675146535592706048,248,1040
675145476954566656,766,1874
675135153782571009,404,1140
675113801096802304,677,1697
675111688094527488,209,848
675109292475830276,983,2462
675047298674663426,269,911
675015141583413248,1018,2359
675006312288268288,195,854
675003128568291329,398,1358
674999807681908736,940,1941
674805413498527744,305,738
674800520222154752,734,2641
674793399141146624,935,2167
674790488185167872,214,965
674788554665512960,180,706
674781762103414784,1020,1750
674774481756377088,398,960
674767892831932416,681,1591
674764817387900928,198,686
674754018082705410,377,1201
674752233200820224,389,1277
674743008475090944,455,1235
674742531037511680,42,420
674739953134403584,322,950
674737130913071104,79,565
674690135443775488,406,1007
674670581682434048,556,1420
674664755118911488,200,795
674646392044941312,421,1235
674644256330530816,235,905
674638615994089473,501,1483
674632714662858753,491,1317
674606911342424069,85,825
674468880899788800,1757,5464
674447403907457024,309,933
674436901579923456,337,965
674422304705744896,454,1253
674416750885273600,112,590
674410619106390016,389,1044
674394782723014656,481,1307
674372068062928900,276,745
674330906434379776,64,486
674318007229923329,443,1222
674307341513269249,5948,9933
674291837063053312,5064,12888
674271431610523648,633,1362
674269164442398721,200,803
674265582246694913,719,1433
674262580978937856,374,1153
674255168825880576,458,1271
674082852460433408,141,658
674075285688614912,243,863
674063288070742018,1883,5583
674053186244734976,1105,2885
674051556661161984,423,1266
674045139690631169,549,1243
674042553264685056,108,623
674038233588723717,361,948
674036086168010753,180,744
674024893172875264,1059,1552
674019345211760640,259,990
674014384960745472,547,1360
674008982932058114,294,1064
673956914389192708,820,1712
673919437611909120,319,1035
673906403526995968,1410,2782
673887867907739649,218,821
673716320723169284,661,2710
673715861853720576,1781,3090
673711475735838725,259,918
673709992831262724,229,733
673708611235921920,250,935
673707060090052608,338,968
673705679337693185,349,1100
673700254269775872,489,1258
673697980713705472,1669,3425
673689733134946305,557,1505
673688752737402881,429,1100
673686845050527744,365,1252
673680198160809984,402,1202
673662677122719744,318,1103
673656262056419329,191,629
673636718965334016,305,967
673612854080196609,619,1394
673583129559498752,307,1041
673580926094458881,230,718
673576835670777856,481,1205
673363615379013632,265,910
673359818736984064,581,1259
673355879178194945,486,1302
673352124999274496,470,1465
673350198937153538,182,666
673345638550134785,1083,2181
673343217010679808,233,838
673342308415348736,486,1106
673320132811366400,6755,11726
673317986296586240,214,759
673295268553605120,2700,6579
673270968295534593,307,928
673240798075449344,608,1241
673213039743795200,714,1922
673148804208660480,536,1448
672997845381865473,622,1709
672995267319328768,248,822
672988786805112832,253,853
672984142909456390,465,1089
672980819271634944,878,1595
672975131468300288,765,1452
672970152493887488,299,812
672968025906282496,457,1145
672964561327235073,547,1230
672902681409806336,418,1188
672898206762672129,356,769
672884426393653248,717,1335
672877615439593473,296,888
672834301050937345,494,1129
672828477930868736,410,1087
672640509974827008,268,850
672622327801233409,414,1128
672614745925664768,507,1067
672609152938721280,334,943
672604026190569472,331,941
672594978741354496,520,1145
672591762242805761,278,821
672591271085670400,153,629
672538107540070400,312,882
672523490734551040,143,539
672488522314567680,365,969
672482722825261057,513,968
672481316919734272,110,625
672475084225949696,602,1266
672466075045466113,437,1167
672272411274932228,2886,5613
672267570918129665,527,1283
672264251789176834,281,993
672256522047614977,1308,2453
672254177670729728,640,1248
672248013293752320,511,1495
672245253877968896,128,594
672239279297454080,271,798
672231046314901505,871,1588
672222792075620352,170,690
672205392827572224,991,1931
672169685991993344,314,896
672160042234327040,301,750
672139350159835138,587,1512
672125275208069120,967,2078
672095186491711488,324,858
672082170312290304,317,821
672068090318987265,437,1116
671896809300709376,3629,7442
671891728106971137,474,1152
671882082306625538,1188,3027
671879137494245376,562,1226
671874878652489728,473,1084
671866342182637568,410,978
671855973984772097,365,782
671789708968640512,2956,6174
671768281401958400,424,1027
671763349865160704,762,1466
671744970634719232,648,1179
671743150407421952,196,659
671735591348891648,644,1263
671729906628341761,3740,7331
671561002136281088,6207,11131
671550332464455680,181,799
671547767500775424,490,1191
671544874165002241,878,1707
671542985629241344,477,945
671538301157904385,333,826
671536543010570240,340,1015
671533943490011136,489,886
671528761649688577,212,717
671520732782923777,443,1197
671518598289059840,246,822
671511350426865664,600,1393
671504605491109889,3075,6094
671497587707535361,380,803
671488513339211776,408,864
671486386088865792,171,502
671485057807351808,193,658
671390180817915904,644,1259
671362598324076544,254,958
671357843010908160,132,345
671355857343524864,102,409
671347597085433856,363,815
671186162933985280,175,622
671182547775299584,277,957
671166507850801152,300,761
671163268581498880,951,1426
671159727754231808,67,312
671154572044468225,184,611
671151324042559489,127,572
671147085991960577,191,568
671141549288370177,564,1001
671138694582165504,335,800
671134062904504320,158,635
671122204919246848,2155,3020
671115716440031232,663,1192
671109016219725825,373,982
670995969505435648,236,948
670842764863651840,7450,21471
670840546554966016,165,512
670838202509447168,590,961
670833812859932673,107,374
670832455012716544,180,627
670826280409919488,3450,4766
670823764196741120,157,657
670822709593571328,82,537
670815497391357952,1294,2720
670811965569282048,226,960
670807719151067136,422,1035
670804601705242624,807,1696
670803562457407488,75,298
670797304698376195,200,647
670792680469889025,235,720
670789397210615808,209,570
670786190031921152,166,517
670783437142401025,326,712
670782429121134593,645,1317
670780561024270336,247,687
670778058496974848,62,291
670764103623966721,365,939
670755717859713024,87,387
670733412878163972,442,830
670727704916926465,310,721
670717338665226240,408,1029
670704688707301377,314,676
670691627984359425,207,508
670679630144274432,235,648
670676092097810432,35,211
670668383499735048,4239,9240
670474236058800128,628,1315
670468609693655041,77,308
670465786746662913,459,845
670452855871037440,173,479
670449342516494336,563,1058
670444955656130560,1722,5927
670442337873600512,174,571
670435821946826752,427,917
670434127938719744,555,1241
670433248821026816,100,290
670428280563085312,509,1196
670427002554466305,141,452
670421925039075328,541,1114
670420569653809152,262,531
670417414769758208,280,490
670411370698022913,754,1756
670408998013820928,184,477
670403879788544000,126,369
670385711116361728,169,482
670374371102445568,232,656
670361874861563904,54,284
670338931251150849,96,367
670319130621435904,1053,3384
670303360680108032,106,377
670290420111441920,246,615
670093938074779648,275,893
670086499208155136,213,603
670079681849372674,1044,1921
670073503555706880,675,1361
670069087419133954,204,533
670061506722140161,281,648
670055038660800512,277,582
670046952931721218,147,561
670040295598354432,95,644
670037189829525505,237,515
670003130994700288,76,286
669993076832759809,69,278
669972011175813120,131,385
669970042633789440,43,261
669942763794931712,131,436
669926384437997569,80,329
669923323644657664,50,198
669753178989142016,335,690
669749430875258880,55,224
669684865554620416,74,440
669683899023405056,90,332
669682095984410625,113,306
669680153564442624,241,573
669661792646373376,357,702
669625907762618368,1545,3053
669603084620980224,316,831
669597912108789760,128,440
669583744538451968,790,1300
669573570759163904,119,381
669571471778410496,864,1382
669567591774625800,45,199
669564461267722241,103,330
669393256313184256,61,305
669375718304980992,619,1156
669371483794317312,147,426
669367896104181761,127,399
669363888236994561,198,544
669359674819481600,101,322
669354382627049472,1076,2336
669353438988365824,222,556
669351434509529089,152,371
669328503091937280,357,888
669327207240699904,100,486
669324657376567296,180,430
669216679721873412,343,1031
669214165781868544,134,377
669203728096960512,400,872
669037058363662336,260,560
669015743032369152,320,637
669006782128353280,205,502
669000397445533696,5433,18179
668994913074286592,186,385
668992363537309700,290,641
668989615043424256,284,584
668988183816871936,389,782
668986018524233728,137,467
668981893510119424,254,470
668979806671884288,286,690
668975677807423489,493,1134
668967877119254528,18,124
668960084974809088,207,602
668955713004314625,63,234
668932921458302977,50,225
668902994700836864,86,271
668892474547511297,123,343
668872652652679168,260,465
668852170888998912,139,401
668826086256599040,111,375
668815180734689280,220,482
668779399630725120,318,618
668655139528511488,184,461
668645506898350081,453,755
668643542311546881,441,767
668641109086707712,459,929
668636665813057536,428,898
668633411083464705,1366,2420
668631377374486528,274,607
668627278264475648,95,273
668625577880875008,109,323
668623201287675904,647,1230
668620235289837568,35,180
668614819948453888,269,536
668587383441514497,911,1449
668567822092664832,46,203
668544745690562560,194,439
668542336805281792,178,389
668537837512433665,61,220
668528771708952576,187,395
668507509523615744,86,269
668496999348633600,113,352
668484198282485761,206,361
668480044826800133,125,382
668466899341221888,434,754
668297328638447616,254,545
668291999406125056,25,208
668286279830867968,112,428
668274247790391296,194,704
668268907921326080,204,474
668256321989451776,509,1131
668248472370458624,401,820
668237644992782336,2377,5329
668226093875376128,85,242
668221241640230912,168,441
668204964695683073,169,477
668190681446379520,169,564
668171859951755264,159,417
668154635664932864,266,428
668142349051129856,234,503
668113020489474048,206,566
667937095915278337,679,1095
667924896115245057,95,261
667915453470232577,46,181
667911425562669056,241,423
667902449697558528,325,739
667886921285246976,899,1622
667885044254572545,390,716
667878741721415682,100,341
667873844930215936,333,540
667866724293877760,883,2649
667861340749471744,68,218
667832474953625600,53,246
667806454573760512,410,911
667801013445750784,80,276
667793409583771648,279,591
667782464991965184,208,354
667773195014021121,44,199
667766675769573376,184,367
667728196545200128,125,319
667724302356258817,262,418
667550904950915073,28,0
667550882905632768,25,0
667549055577362432,1902,4989
667546741521195010,104,300
667544320556335104,450,746
667538891197542400,57,171
667534815156183040,439,706
667530908589760512,205,404
667524857454854144,952,1468
667517642048163840,164,327
667509364010450944,1839,5897
667502640335572993,191,475
667495797102141441,227,444
667491009379606528,187,446
667470559035432960,85,222
667455448082227200,53,167
667453023279554560,70,278
667443425659232256,479,671
667437278097252352,197,388
667435689202614272,75,264
667405339315146752,192,401
667393430834667520,49,164
667369227918143488,140,323
667211855547486208,208,418
667200525029539841,223,533
667192066997374976,83,321
667188689915760640,327,633
667182792070062081,5179,12246
667177989038297088,47,158
667176164155375616,378,517
667174963120574464,69,216
667171260800061440,72,184
667165590075940865,951,2329
667160273090932737,50,213
667152164079423490,14410,41671
667138269671505920,1837,3931
667119796878725120,103,280
667090893657276420,103,280
667073648344346624,101,345
667070482143944705,12,71
667065535570550784,39,139
667062181243039745,45,189
667044094246576128,43,158
667012601033924608,184,385
666996132027977728,77,209
666983947667116034,836,2199
666837028449972224,462,687
666835007768551424,64,179
666826780179869698,77,216
666817836334096384,208,433
666804364988780544,78,202
666786068205871104,403,646
666781792255496192,166,319
666776908487630848,146,297
666739327293083650,59,204
666701168228331520,181,368
666691418707132416,41,159
666649482315059201,518,979
666644823164719104,68,204
666454714377183233,175,437
666447344410484738,19,88
666437273139982337,40,105
666435652385423360,41,135
666430724426358785,159,269
666428276349472768,65,136
666421158376562688,90,265
666418789513326592,39,101
666411507551481857,257,365
666407126856765440,30,93
666396247373291520,65,145
666373753744588802,73,158
666362758909284353,463,642
666353288456101888,56,172
666345417576210432,121,233
666337882303524864,78,164
666293911632134144,286,416
666287406224695296,55,120
666273097616637952,66,149
666268910803644416,38,97
666104133288665088,5392,12571
666102155909144576,11,64
666099513787052032,53,131
666094000022159362,63,140
666082916733198337,37,91
666073100786774016,129,271
666071193221509120,49,126
666063827256086533,180,390
666058600524156928,46,98
666057090499244032,110,245
666055525042405380,194,361
666051853826850816,687,1009
666050758794694657,50,112
666049248165822465,36,86
666044226329800704,113,243
666033412701032449,35,98
666029285002620928,39,111
666020888022790149,416,2232
